team,winter,summer,country,sport
BC Lions,-8,-7,Canada,Am. Football
Calgary Stampeders,-7,-6,Canada,Am. Football
Edmonton Elks,-7,-6,Canada,Am. Football
Hamilton Tiger-Cats,-5,-4,Canada,Am. Football
Montreal Alouettes,-5,-4,Canada,Am. Football
Ottawa Redblacks,-5,-4,Canada,Am. Football
Saskatchewan Roughriders,-6,-6,Canada,Am. Football
Toronto Argonauts,-5,-4,Canada,Am. Football
Winnipeg Blue Bombers,-6,-5,Canada,Am. Football
Abilene Christian,-6,-5,United States,Am. Football
Air Force,-7,-6,United States,Am. Football
Akron,-5,-4,United States,Am. Football
Alabama,-6,-5,United States,Am. Football
Alabama A and M,-6,-5,United States,Am. Football
Alabama State,-6,-5,United States,Am. Football
Albany,-5,-4,United States,Am. Football
Alcorn State,-6,-5,United States,Am. Football
American,-5,-4,United States,Am. Football
Appalachian State,-5,-4,United States,Am. Football
Arizona,-7,-7,United States,Am. Football
Arizona Cardinals,-7,-7,United States,Am. Football
Arizona State,-7,-7,United States,Am. Football
Arkansas,-6,-5,United States,Am. Football
Arkansas State,-6,-5,United States,Am. Football
Arkansas-Pine Bluff,-6,-5,United States,Am. Football
Army,-5,-4,United States,Am. Football
Atlanta Falcons,-5,-4,United States,Am. Football
Auburn,-6,-5,United States,Am. Football
Austin Peay,-6,-5,United States,Am. Football
Ball State,-5,-4,United States,Am. Football
Baltimore Ravens,-5,-4,United States,Am. Football
Baylor,-6,-5,United States,Am. Football
Bethune-Cookman,-5,-4,United States,Am. Football
Boise State,-7,-6,United States,Am. Football
Boston College,-5,-4,United States,Am. Football
Boston University,-5,-4,United States,Am. Football
Bowling Green,-5,-4,United States,Am. Football
Brown,-5,-4,United States,Am. Football
Bryant,-5,-4,United States,Am. Football
Bucknell,-5,-4,United States,Am. Football
Buffalo,-5,-4,United States,Am. Football
Buffalo Bills,-5,-4,United States,Am. Football
Butler,-5,-4,United States,Am. Football
BYU,-7,-6,United States,Am. Football
Cal Poly,-8,-7,United States,Am. Football
California,-8,-7,United States,Am. Football
Campbell,-5,-4,United States,Am. Football
Carolina Panthers,-5,-4,United States,Am. Football
Central Arkansas,-6,-5,United States,Am. Football
Central Connecticut,-5,-4,United States,Am. Football
Central Michigan,-5,-4,United States,Am. Football
Charleston Southern,-5,-4,United States,Am. Football
Charlotte,-5,-4,United States,Am. Football
Chattanooga,-5,-4,United States,Am. Football
Chicago Bears,-6,-5,United States,Am. Football
Cincinnati,-5,-4,United States,Am. Football
Cincinnati Bengals,-5,-4,United States,Am. Football
Clemson,-5,-4,United States,Am. Football
Cleveland Browns,-5,-4,United States,Am. Football
Coastal Carolina,-5,-4,United States,Am. Football
Colgate,-5,-4,United States,Am. Football
Colorado,-7,-6,United States,Am. Football
Colorado State,-7,-6,United States,Am. Football
Columbia,-5,-4,United States,Am. Football
Coppin State,-5,-4,United States,Am. Football
Cornell,-5,-4,United States,Am. Football
Dallas Cowboys,-6,-5,United States,Am. Football
Dartmouth,-5,-4,United States,Am. Football
Davidson,-5,-4,United States,Am. Football
Dayton,-5,-4,United States,Am. Football
Delaware,-5,-4,United States,Am. Football
Delaware State,-5,-4,United States,Am. Football
Denver Broncos,-7,-6,United States,Am. Football
Detroit Lions,-5,-4,United States,Am. Football
Dixie State,-7,-6,United States,Am. Football
Drake,-6,-5,United States,Am. Football
Duke,-5,-4,United States,Am. Football
Duquesne,-5,-4,United States,Am. Football
East Carolina,-5,-4,United States,Am. Football
East Tennessee State,-5,-4,United States,Am. Football
Eastern Illinois,-6,-5,United States,Am. Football
Eastern Kentucky,-5,-4,United States,Am. Football
Eastern Michigan,-5,-4,United States,Am. Football
Eastern Washington,-8,-7,United States,Am. Football
Elon,-5,-4,United States,Am. Football
Fairleigh Dickinson,-5,-4,United States,Am. Football
FIU,-5,-4,United States,Am. Football
Florida,-5,-4,United States,Am. Football
Florida A and M,-5,-4,United States,Am. Football
Florida Atlantic,-5,-4,United States,Am. Football
Florida State,-5,-4,United States,Am. Football
Fordham,-5,-4,United States,Am. Football
Fresno State,-8,-7,United States,Am. Football
Furman,-5,-4,United States,Am. Football
Gardner-Webb,-5,-4,United States,Am. Football
Georgetown,-5,-4,United States,Am. Football
Georgia,-5,-4,United States,Am. Football
Georgia Southern,-5,-4,United States,Am. Football
Georgia State,-5,-4,United States,Am. Football
Georgia Tech,-5,-4,United States,Am. Football
Grambling State,-6,-5,United States,Am. Football
Green Bay Packers,-6,-5,United States,Am. Football
Hampton,-5,-4,United States,Am. Football
Harvard,-5,-4,United States,Am. Football
Hawaii,-10,-9,United States,Am. Football
Holy Cross,-5,-4,United States,Am. Football
Houston,-5,-4,United States,Am. Football
Houston Baptist,-6,-5,United States,Am. Football
Houston Texans,-6,-5,United States,Am. Football
Howard,-5,-4,United States,Am. Football
Idaho,-8,-7,United States,Am. Football
Idaho State,-7,-6,United States,Am. Football
Illinois,-6,-5,United States,Am. Football
Illinois State,-6,-5,United States,Am. Football
Incarnate Word,-6,-5,United States,Am. Football
Indiana,-6,-5,United States,Am. Football
Indiana State,-5,-4,United States,Am. Football
Indianapolis Colts,-5,-4,United States,Am. Football
Iowa,-6,-5,United States,Am. Football
Iowa State,-6,-5,United States,Am. Football
Jackson State,-6,-5,United States,Am. Football
Jacksonville Jaguars,-5,-4,United States,Am. Football
Jacksonville State,-5,-4,United States,Am. Football
James Madison,-5,-4,United States,Am. Football
Kansas,-6,-5,United States,Am. Football
Kansas City Chiefs,-6,-5,United States,Am. Football
Kansas State,-6,-5,United States,Am. Football
Kennesaw State,-5,-4,United States,Am. Football
Kent State,-5,-4,United States,Am. Football
Kentucky,-5,-4,United States,Am. Football
Lafayette,-5,-4,United States,Am. Football
Lamar,-6,-5,United States,Am. Football
Las Vegas Raiders,-8,-7,United States,Am. Football
Le Moyne,-5,-4,United States,Am. Football
Lehigh,-5,-4,United States,Am. Football
Liberty,-5,-4,United States,Am. Football
Lindenwood,-6,-5,United States,Am. Football
Long Island,-5,-4,United States,Am. Football
Los Angeles Chargers,-8,-7,United States,Am. Football
Los Angeles Rams,-8,-7,United States,Am. Football
Louisiana,-6,-5,United States,Am. Football
Louisiana Tech,-6,-5,United States,Am. Football
Louisiana-Monroe,-6,-5,United States,Am. Football
Louisville,-6,-5,United States,Am. Football
Loyola-Maryland,-5,-4,United States,Am. Football
LSU,-6,-5,United States,Am. Football
Maine,-5,-4,United States,Am. Football
Marist,-5,-4,United States,Am. Football
Marshall,-5,-4,United States,Am. Football
Maryland,-5,-4,United States,Am. Football
Maryland-Eastern Shore,-5,-4,United States,Am. Football
McNeese State,-6,-5,United States,Am. Football
Memphis,-6,-5,United States,Am. Football
Mercer,-5,-4,United States,Am. Football
Merrimack,-5,-4,United States,Am. Football
Miami (FL),-5,-4,United States,Am. Football
Miami (OH),-5,-4,United States,Am. Football
Miami Dolphins,-5,-4,United States,Am. Football
Michigan,-5,-4,United States,Am. Football
Michigan State,-5,-4,United States,Am. Football
Middle Tennessee,-6,-5,United States,Am. Football
Minnesota,-6,-5,United States,Am. Football
Minnesota Vikings,-6,-5,United States,Am. Football
Mississippi State,-6,-5,United States,Am. Football
Mississippi Valley State,-6,-5,United States,Am. Football
Missouri,-6,-5,United States,Am. Football
Missouri State,-6,-5,United States,Am. Football
Monmouth,-5,-4,United States,Am. Football
Montana,-7,-6,United States,Am. Football
Montana State,-7,-6,United States,Am. Football
Morehead State,-5,-4,United States,Am. Football
Morgan State,-5,-4,United States,Am. Football
Murray State,-6,-5,United States,Am. Football
Navy,-5,-4,United States,Am. Football
NC State,-5,-4,United States,Am. Football
Nebraska,-6,-5,United States,Am. Football
Nevada,-8,-7,United States,Am. Football
New England Patriots,-5,-4,United States,Am. Football
New Hampshire,-5,-4,United States,Am. Football
New Mexico,-8,-7,United States,Am. Football
New Mexico State,-7,-6,United States,Am. Football
New Orleans,-6,-5,United States,Am. Football
New Orleans Saints,-6,-5,United States,Am. Football
New York Giants,-5,-4,United States,Am. Football
New York Jets,-5,-4,United States,Am. Football
Nicholls,-6,-5,United States,Am. Football
Norfolk State,-5,-4,United States,Am. Football
North Alabama,-6,-5,United States,Am. Football
North Carolina,-5,-4,United States,Am. Football
North Carolina A and T,-5,-4,United States,Am. Football
North Carolina Central,-5,-4,United States,Am. Football
North Dakota,-6,-5,United States,Am. Football
North Dakota State,-6,-5,United States,Am. Football
North Texas,-6,-5,United States,Am. Football
Northern Arizona,-7,-7,United States,Am. Football
Northern Colorado,-7,-6,United States,Am. Football
Northern Illinois,-6,-5,United States,Am. Football
Northern Iowa,-6,-5,United States,Am. Football
Northwestern,-6,-5,United States,Am. Football
Northwestern State,-6,-5,United States,Am. Football
Notre Dame,-6,-5,United States,Am. Football
Ohio,-5,-4,United States,Am. Football
Ohio State,-5,-4,United States,Am. Football
Oklahoma,-6,-5,United States,Am. Football
Oklahoma State,-6,-5,United States,Am. Football
Old Dominion,-5,-4,United States,Am. Football
Ole Miss,-6,-5,United States,Am. Football
Oregon,-8,-7,United States,Am. Football
Oregon State,-8,-7,United States,Am. Football
Penn,-5,-4,United States,Am. Football
Penn State,-5,-4,United States,Am. Football
Philadelphia Eagles,-5,-4,United States,Am. Football
Pittsburgh,-5,-4,United States,Am. Football
Pittsburgh Steelers,-5,-4,United States,Am. Football
Portland State,-8,-7,United States,Am. Football
Prairie View A and M,-6,-5,United States,Am. Football
Presbyterian,-5,-4,United States,Am. Football
Princeton,-5,-4,United States,Am. Football
Purdue,-6,-5,United States,Am. Football
Rhode Island,-5,-4,United States,Am. Football
Rice,-6,-5,United States,Am. Football
Richmond,-5,-4,United States,Am. Football
Robert Morris,-5,-4,United States,Am. Football
Rutgers,-5,-4,United States,Am. Football
Sacramento State,-8,-7,United States,Am. Football
Sacred Heart,-5,-4,United States,Am. Football
Saint Francis,-5,-4,United States,Am. Football
Sam Houston State,-6,-5,United States,Am. Football
Samford,-6,-5,United States,Am. Football
San Diego,-8,-7,United States,Am. Football
San Diego State,-8,-7,United States,Am. Football
San Francisco 49ers,-8,-7,United States,Am. Football
San Jose State,-8,-7,United States,Am. Football
Savannah State,-5,-4,United States,Am. Football
Seattle Seahawks,-8,-7,United States,Am. Football
SMU,-6,-5,United States,Am. Football
South Alabama,-6,-5,United States,Am. Football
South Carolina,-6,-5,United States,Am. Football
South Carolina State,-5,-4,United States,Am. Football
South Dakota,-6,-5,United States,Am. Football
South Dakota State,-6,-5,United States,Am. Football
South Florida,-5,-4,United States,Am. Football
Southeast Missouri State,-6,-5,United States,Am. Football
Southeastern Louisiana,-6,-5,United States,Am. Football
Southern,-6,-5,United States,Am. Football
Southern Illinois,-6,-5,United States,Am. Football
Southern Miss,-6,-5,United States,Am. Football
Southern Utah,-7,-6,United States,Am. Football
St Thomas,-6,-5,United States,Am. Football
Stanford,-8,-7,United States,Am. Football
Stephen F. Austin,-6,-5,United States,Am. Football
Stetson,-5,-4,United States,Am. Football
Stonehill,-5,-4,United States,Am. Football
Stony Brook,-5,-4,United States,Am. Football
Syracuse,-5,-4,United States,Am. Football
Tampa Bay Buccaneers,-5,-4,United States,Am. Football
Tarleton State,-6,-5,United States,Am. Football
TCU,-6,-5,United States,Am. Football
Temple,-5,-4,United States,Am. Football
Tennessee,-5,-4,United States,Am. Football
Tennessee State,-6,-5,United States,Am. Football
Tennessee Tech,-6,-5,United States,Am. Football
Tennessee Titans,-6,-5,United States,Am. Football
Texas,-6,-5,United States,Am. Football
Texas A and M,-6,-5,United States,Am. Football
Texas A and M Commerce,-6,-5,United States,Am. Football
Texas A and M-Corpus Christi,-6,-5,United States,Am. Football
Texas Southern,-6,-5,United States,Am. Football
Texas State,-6,-5,United States,Am. Football
Texas Tech,-6,-5,United States,Am. Football
The Citadel,-5,-4,United States,Am. Football
Toledo,-5,-4,United States,Am. Football
Towson,-5,-4,United States,Am. Football
Troy,-6,-5,United States,Am. Football
Tulane,-6,-5,United States,Am. Football
Tulsa,-6,-5,United States,Am. Football
UAB,-6,-5,United States,Am. Football
UC Davis,-8,-7,United States,Am. Football
UCF,-5,-4,United States,Am. Football
UCLA,-8,-7,United States,Am. Football
UConn,-5,-4,United States,Am. Football
UMass,-5,-4,United States,Am. Football
UNC Greensboro,-5,-4,United States,Am. Football
UNLV,-8,-7,United States,Am. Football
USC,-8,-7,United States,Am. Football
UT Martin,-6,-5,United States,Am. Football
Utah,-7,-6,United States,Am. Football
Utah State,-7,-6,United States,Am. Football
Utah Tech,-7,-6,United States,Am. Football
UTEP,-7,-6,United States,Am. Football
UTSA,-5,-4,United States,Am. Football
Valparaiso,-6,-5,United States,Am. Football
Vanderbilt,-5,-4,United States,Am. Football
Villanova,-5,-4,United States,Am. Football
Virginia,-5,-4,United States,Am. Football
Virginia Tech,-5,-4,United States,Am. Football
VMI,-5,-4,United States,Am. Football
Wagner,-5,-4,United States,Am. Football
Wake Forest,-5,-4,United States,Am. Football
Washington,-8,-7,United States,Am. Football
Washington Commanders,-5,-4,United States,Am. Football
Washington State,-8,-7,United States,Am. Football
Weber State,-7,-6,United States,Am. Football
West Virginia,-5,-4,United States,Am. Football
Western Carolina,-5,-4,United States,Am. Football
Western Illinois,-6,-5,United States,Am. Football
Western Kentucky,-6,-5,United States,Am. Football
Western Michigan,-5,-4,United States,Am. Football
William and  Mary,-5,-4,United States,Am. Football
Wisconsin,-6,-5,United States,Am. Football
Wofford,-5,-4,United States,Am. Football
Wyoming,-7,-6,United States,Am. Football
Yale,-5,-4,United States,Am. Football
Youngstown State,-5,-4,United States,Am. Football
Adelaide Giants,10.5,9.5,Australia,Baseball
Brisbane Bandits,10,10,Australia,Baseball
Canberra Cavalry,11,10,Australia,Baseball
Melbourne Aces,11,10,Australia,Baseball
Perth Heat,8,8,Australia,Baseball
Sydney Blue Sox,11,10,Australia,Baseball
Acereros de Monclova,-6,-5,Mexico,Baseball
Águilas de Mexicali,-8,-7,Mexico,Baseball
Algodoneros de Guasave,-7,-6,Mexico,Baseball
Algodoneros de Unión Laguna,-6,-5,Mexico,Baseball
Bravos de León,-6,-5,Mexico,Baseball
Cañeros de Los Mochis,-7,-6,Mexico,Baseball
Charros de Jalisco,-6,-5,Mexico,Baseball
Diablos Rojos del México,-6,-5,Mexico,Baseball
El Águila de Veracruz,-6,-5,Mexico,Baseball
Generales de Durango,-6,-5,Mexico,Baseball
Guerreros de Oaxaca,-6,-5,Mexico,Baseball
Leones de Yucatán,-6,-5,Mexico,Baseball
Mariachis de Guadalajara,-6,-5,Mexico,Baseball
Mayos de Navojoa,-7,-6,Mexico,Baseball
Naranjeros de Hermosillo,-7,-6,Mexico,Baseball
Olmecas de Tabasco,-6,-5,Mexico,Baseball
Pericos de Puebla,-6,-5,Mexico,Baseball
Piratas de Campeche,-6,-5,Mexico,Baseball
Rieleros de Aguascalientes,-6,-5,Mexico,Baseball
Saraperos de Saltillo,-6,-5,Mexico,Baseball
Sultanes de Monterrey,-6,-5,Mexico,Baseball
Tecolotes de los Dos Laredos,-6,-5,Mexico,Baseball
Tigres de Quintana Roo,-6,-5,Mexico,Baseball
Tomateros de Culiacán,-7,-6,Mexico,Baseball
Toros de Tijuana,-8,-7,Mexico,Baseball
Venados de Mazatlán,-7,-6,Mexico,Baseball
Yaquis de Obregón,-7,-6,Mexico,Baseball
Albuquerque Isotopes,-7,-6,United States,Baseball
Arizona Diamondbacks,-7,-7,United States,Baseball
Atlanta Braves,-5,-4,United States,Baseball
Baltimore Orioles,-5,-4,United States,Baseball
Boston Red Sox,-5,-4,United States,Baseball
Buffalo Bisons,-5,-4,United States,Baseball
Charlotte Knights,-5,-4,United States,Baseball
Chicago Cubs,-6,-5,United States,Baseball
Chicago White Sox,-6,-5,United States,Baseball
Cincinnati Reds,-5,-4,United States,Baseball
Cleveland Guardians,-5,-4,United States,Baseball
Colorado Rockies,-7,-6,United States,Baseball
Columbus Clippers,-5,-4,United States,Baseball
Detroit Tigers,-5,-4,United States,Baseball
Durham Bulls,-5,-4,United States,Baseball
El Paso Chihuahuas,-7,-6,United States,Baseball
Gwinnett Stripers,-5,-4,United States,Baseball
Houston Astros,-6,-5,United States,Baseball
Indianapolis Indians,-5,-4,United States,Baseball
Iowa Cubs,-6,-5,United States,Baseball
Jacksonville Jumbo Shrimp,-5,-4,United States,Baseball
Kansas City Royals,-6,-5,United States,Baseball
Las Vegas Aviators,-8,-7,United States,Baseball
Lehigh Valley IronPigs,-5,-4,United States,Baseball
Los Angeles Angels,-8,-7,United States,Baseball
Los Angeles Dodgers,-8,-7,United States,Baseball
Louisville Bats,-5,-4,United States,Baseball
Memphis Redbirds,-6,-5,United States,Baseball
Miami Marlins,-5,-4,United States,Baseball
Milwaukee Brewers,-6,-5,United States,Baseball
Minnesota Twins,-6,-5,United States,Baseball
Nashville Sounds,-6,-5,United States,Baseball
New York Mets,-5,-4,United States,Baseball
New York Yankees,-5,-4,United States,Baseball
Norfolk Tides,-5,-4,United States,Baseball
Oakland Athletics,-8,-7,United States,Baseball
Oklahoma City Dodgers,-6,-5,United States,Baseball
Omaha Storm Chasers,-6,-5,United States,Baseball
Philadelphia Phillies,-5,-4,United States,Baseball
Pittsburgh Pirates,-5,-4,United States,Baseball
Reno Aces,-8,-7,United States,Baseball
Rochester Red Wings,-5,-4,United States,Baseball
Round Rock Express,-8,-7,United States,Baseball
Sacramento River Cats,-8,-7,United States,Baseball
Salt Lake Bees,-7,-6,United States,Baseball
San Diego Padres,-8,-7,United States,Baseball
San Francisco Giants,-8,-7,United States,Baseball
Scranton-Wilkes-Barre RailRiders,-5,-4,United States,Baseball
Seattle Mariners,-8,-7,United States,Baseball
St. Louis Cardinals,-6,-5,United States,Baseball
St. Paul Saints,-6,-5,United States,Baseball
Sugar Land Skeeters,-6,-5,United States,Baseball
Syracuse Mets,-5,-4,United States,Baseball
Tacoma Rainiers,-8,-7,United States,Baseball
Tampa Bay Rays,-5,-4,United States,Baseball
Texas Rangers,-6,-5,United States,Baseball
Toledo Mud Hens,-6,-5,United States,Baseball
Toronto Blue Jays,-5,-4,United States,Baseball
Washington Nationals,-5,-4,United States,Baseball
Worcester Red Sox,-5,-4,United States,Baseball
Raptors 905,-5,-4,Canada,Basketball
Toronto Raptors,-5,-4,Canada,Basketball
Capitanes de Ciudad de México,-6,-5,Mexico,Basketball
Agua Caliente Clippers,-8,-7,United States,Basketball
Atlanta Hawks,-5,-4,United States,Basketball
Austin Spurs,-6,-5,United States,Basketball
Birmingham Squadron,-6,-5,United States,Basketball
Boston Celtics,-5,-4,United States,Basketball
Brooklyn Nets,-5,-4,United States,Basketball
Capital City Go-Go,-5,-4,United States,Basketball
Charlotte Hornets,-5,-4,United States,Basketball
Chicago Bulls,-6,-5,United States,Basketball
Cleveland Cavaliers,-5,-4,United States,Basketball
Cleveland Charge,-5,-4,United States,Basketball
College Park Skyhawks,-5,-4,United States,Basketball
Dallas Mavericks,-6,-5,United States,Basketball
Delaware Blue Coats,-5,-4,United States,Basketball
Denver Nuggets,-7,-6,United States,Basketball
Detroit Pistons,-5,-4,United States,Basketball
Fort Wayne Mad Ants,-5,-4,United States,Basketball
Golden State Warriors,-8,-7,United States,Basketball
Grand Rapids Gold,-5,-4,United States,Basketball
Greensboro Swarm,-5,-4,United States,Basketball
Houston Rockets,-6,-5,United States,Basketball
Indiana Pacers,-5,-4,United States,Basketball
Iowa Wolves,-6,-5,United States,Basketball
Lakeland Magic,-5,-4,United States,Basketball
Long Island Nets,-5,-4,United States,Basketball
Los Angeles Clippers,-8,-7,United States,Basketball
Los Angeles Lakers,-8,-7,United States,Basketball
Maine Celtics,-5,-4,United States,Basketball
Memphis Grizzlies,-6,-5,United States,Basketball
Memphis Hustle,-6,-5,United States,Basketball
Miami Heat,-5,-4,United States,Basketball
Milwaukee Bucks,-5,-4,United States,Basketball
Minnesota Timberwolves,-6,-5,United States,Basketball
Motor City Cruise,-5,-4,United States,Basketball
NBA G League Ignite,-8,-7,United States,Basketball
New Orleans Pelicans,-6,-5,United States,Basketball
New York Knicks,-5,-4,United States,Basketball
Oklahoma City Blue,-6,-5,United States,Basketball
Oklahoma City Thunder,-6,-5,United States,Basketball
Orlando Magic,-5,-4,United States,Basketball
Philadelphia 76ers,-5,-4,United States,Basketball
Phoenix Suns,-7,-7,United States,Basketball
Portland Trail Blazers,-8,-7,United States,Basketball
Rio Grande Valley Vipers,-6,-5,United States,Basketball
Sacramento Kings,-8,-7,United States,Basketball
Salt Lake City Stars,-7,-6,United States,Basketball
San Antonio Spurs,-6,-5,United States,Basketball
Santa Cruz Warriors,-8,-7,United States,Basketball
Sioux Falls Skyforce,-6,-5,United States,Basketball
South Bay Lakers,-8,-7,United States,Basketball
Stockton Kings,-8,-7,United States,Basketball
Texas Legends,-6,-5,United States,Basketball
Utah Jazz,-7,-6,United States,Basketball
Washington Wizards,-5,-4,United States,Basketball
Westchester Knicks,-5,-4,United States,Basketball
Windy City Bulls,-6,-5,United States,Basketball
Wisconsin Herd,-6,-5,United States,Basketball
Abbotsford Canucks,-8,-7,Canada,Ice Hockey
Acadie–Bathurst Titan,-4,-3,Canada,Ice Hockey
Baie-Comeau Drakkar,-5,-4,Canada,Ice Hockey
Barrie Colts,-5,-4,Canada,Ice Hockey
Belleville Senators,-5,-4,Canada,Ice Hockey
Blainville-Boisbriand Armada,-5,-4,Canada,Ice Hockey
Brandon Wheat Kings,-6,-5,Canada,Ice Hockey
Calgary Flames,-7,-6,Canada,Ice Hockey
Calgary Hitmen,-7,-6,Canada,Ice Hockey
Calgary Wranglers,-7,-6,Canada,Ice Hockey
Cape Breton Eagles,-4,-3,Canada,Ice Hockey
Charlottetown Islanders,-4,-3,Canada,Ice Hockey
Chicoutimi Saguenéens,-5,-4,Canada,Ice Hockey
Drummondville Voltigeurs,-5,-4,Canada,Ice Hockey
Edmonton Oil Kings,-7,-6,Canada,Ice Hockey
Edmonton Oilers,-7,-6,Canada,Ice Hockey
Gatineau Olympiques,-5,-4,Canada,Ice Hockey
Guelph Storm,-5,-4,Canada,Ice Hockey
Halifax Mooseheads,-4,-3,Canada,Ice Hockey
Hamilton Bulldogs,-5,-4,Canada,Ice Hockey
Kamloops Blazers,-8,-7,Canada,Ice Hockey
Kelowna Rockets,-8,-7,Canada,Ice Hockey
Kingston Frontenacs,-5,-4,Canada,Ice Hockey
Kitchener Rangers,-5,-4,Canada,Ice Hockey
Laval Rocket,-5,-4,Canada,Ice Hockey
Lethbridge Hurricanes,-7,-6,Canada,Ice Hockey
London Knights,-5,-4,Canada,Ice Hockey
Manitoba Moose,-6,-5,Canada,Ice Hockey
Medicine Hat Tigers,-7,-6,Canada,Ice Hockey
Mississauga Steelheads,-5,-4,Canada,Ice Hockey
Moncton Wildcats,-4,-3,Canada,Ice Hockey
Montreal Canadiens,-5,-4,Canada,Ice Hockey
Moose Jaw Warriors,-6,-6,Canada,Ice Hockey
Newfoundland Growlers,-3.5,-2.5,Canada,Ice Hockey
Niagara IceDogs,-5,-4,Canada,Ice Hockey
North Bay Battalion,-5,-4,Canada,Ice Hockey
Oshawa Generals,-5,-4,Canada,Ice Hockey
Ottawa 67s,-5,-4,Canada,Ice Hockey
Ottawa Senators,-5,-4,Canada,Ice Hockey
Owen Sound Attack,-5,-4,Canada,Ice Hockey
Peterborough Petes,-5,-4,Canada,Ice Hockey
Prince Albert Raiders,-6,-6,Canada,Ice Hockey
Prince George Cougars,-8,-7,Canada,Ice Hockey
Quebec Remparts,-5,-4,Canada,Ice Hockey
Red Deer Rebels,-7,-6,Canada,Ice Hockey
Regina Pats,-6,-6,Canada,Ice Hockey
Rimouski Océanic,-5,-4,Canada,Ice Hockey
Rouyn-Noranda Huskies,-5,-4,Canada,Ice Hockey
Saint John Sea Dogs,-4,-3,Canada,Ice Hockey
Sarnia Sting,-5,-4,Canada,Ice Hockey
Saskatoon Blades,-6,-6,Canada,Ice Hockey
Shawinigan Cataractes,-5,-4,Canada,Ice Hockey
Sherbrooke Phoenix,-5,-4,Canada,Ice Hockey
Soo Greyhounds,-5,-4,Canada,Ice Hockey
Sudbury Wolves,-5,-4,Canada,Ice Hockey
Swift Current Broncos,-6,-6,Canada,Ice Hockey
Toronto Maple Leafs,-5,-4,Canada,Ice Hockey
Toronto Marlies,-5,-4,Canada,Ice Hockey
Trois-Rivières,-5,-4,Canada,Ice Hockey
Vancouver Canucks,-8,-7,Canada,Ice Hockey
Vancouver Giants,-8,-7,Canada,Ice Hockey
Victoria Royals,-8,-7,Canada,Ice Hockey
Victoriaville Tigres,-5,-4,Canada,Ice Hockey
Windsor Spitfires,-5,-4,Canada,Ice Hockey
Winnipeg Jets,-6,-5,Canada,Ice Hockey
Barys Nur-Sultan,6,6,Kazakhstan,Ice Hockey
Admiral Vladivostok,10,10,Russia,Ice Hockey
Ak Bars Kazan,3,3,Russia,Ice Hockey
AKM,3,3,Russia,Ice Hockey
Almetyevsk,3,3,Russia,Ice Hockey
Amur Khabarovsk,10,10,Russia,Ice Hockey
Avangard Omsk,6,6,Russia,Ice Hockey
Avtomobilist Yekaterinburg,5,5,Russia,Ice Hockey
Bars Kazan,3,3,Russia,Ice Hockey
Buran Voronezh,3,3,Russia,Ice Hockey
Chelmet Chelyabinsk,5,5,Russia,Ice Hockey
CSK VVS Samara,4,4,Russia,Ice Hockey
CSKA Moscow,3,3,Russia,Ice Hockey
Dynamo Moscow,3,3,Russia,Ice Hockey
Dynamo-Altay,7,7,Russia,Ice Hockey
Gornyak,5,5,Russia,Ice Hockey
HC Chelny,3,3,Russia,Ice Hockey
HC Izhstal,4,4,Russia,Ice Hockey
HC Lada Togliatti,4,4,Russia,Ice Hockey
HC Norilsk,7,7,Russia,Ice Hockey
HC Rostov,3,3,Russia,Ice Hockey
HC Ryazan,3,3,Russia,Ice Hockey
HC Sochi,3,3,Russia,Ice Hockey
HC Tambov,3,3,Russia,Ice Hockey
HC Yugra,5,5,Russia,Ice Hockey
HC Zvezda Moscow,3,3,Russia,Ice Hockey
Khimik,3,3,Russia,Ice Hockey
Kristall Saratov,4,4,Russia,Ice Hockey
Lokomotiv Yaroslavl,3,3,Russia,Ice Hockey
Metallurg Magnitogorsk,5,5,Russia,Ice Hockey
Metallurg Novokuznetsk,7,7,Russia,Ice Hockey
Molot-Prikamye Perm,5,5,Russia,Ice Hockey
Neftekhimik Nizhnekamsk,3,3,Russia,Ice Hockey
Omskie Krylia,6,6,Russia,Ice Hockey
Rubin Tyumen,5,5,Russia,Ice Hockey
Salavat Yulaev Ufa,5,5,Russia,Ice Hockey
Severstal Cherepovets,3,3,Russia,Ice Hockey
Sibir Novosibirsk,7,7,Russia,Ice Hockey
SKA Saint Petersburg,3,3,Russia,Ice Hockey
SKA-Neva,3,3,Russia,Ice Hockey
Sokol Krasnoyarsk,7,7,Russia,Ice Hockey
Spartak Moscow,3,3,Russia,Ice Hockey
Toros Neftekamsk,5,5,Russia,Ice Hockey
Torpedo Nizhny Novgorod,3,3,Russia,Ice Hockey
Traktor Chelyabinsk,5,5,Russia,Ice Hockey
Vityaz Podolsk,3,3,Russia,Ice Hockey
Yuzhny Ural Orsk,5,5,Russia,Ice Hockey
Zauralie Kurgan,5,5,Russia,Ice Hockey
Adirondack Thunder,-5,-4,United States,Ice Hockey
Allen Americans,-6,-5,United States,Ice Hockey
Anaheim Ducks,-8,-7,United States,Ice Hockey
Arizona Coyotes,-7,-7,United States,Ice Hockey
Atlanta Gladiators,-5,-4,United States,Ice Hockey
Bakersfield Condors,-8,-7,United States,Ice Hockey
Birmingham Bulls,-6,-5,United States,Ice Hockey
Boston Bruins,-5,-4,United States,Ice Hockey
Bridgeport Islanders,-5,-4,United States,Ice Hockey
Buffalo Sabres,-5,-4,United States,Ice Hockey
Carolina Hurricanes,-5,-4,United States,Ice Hockey
Cedar Rapids RoughRiders,-6,-5,United States,Ice Hockey
Charlotte Checkers,-5,-4,United States,Ice Hockey
Chicago Blackhawks,-6,-5,United States,Ice Hockey
Chicago Steel,-6,-5,United States,Ice Hockey
Chicago Wolves,-6,-5,United States,Ice Hockey
Cincinnati Cyclones,-5,-4,United States,Ice Hockey
Cleveland Monsters,-5,-4,United States,Ice Hockey
Coachella Valley Firebirds,-8,-7,United States,Ice Hockey
Colorado Avalanche,-7,-6,United States,Ice Hockey
Colorado Eagles,-7,-6,United States,Ice Hockey
Columbus Blue Jackets,-5,-4,United States,Ice Hockey
Dallas Stars,-6,-5,United States,Ice Hockey
Des Moines Buccaneers,-6,-5,United States,Ice Hockey
Detroit Red Wings,-5,-4,United States,Ice Hockey
Dubuque Fighting Saints,-6,-5,United States,Ice Hockey
Erie Otters,-5,-4,United States,Ice Hockey
Evansville Thunderbolts,-6,-5,United States,Ice Hockey
Everett Silvertips,-8,-7,United States,Ice Hockey
Fargo Force,-6,-5,United States,Ice Hockey
Fayetteville Marksmen,-5,-4,United States,Ice Hockey
Flint Firebirds,-5,-4,United States,Ice Hockey
Florida Everblades,-5,-4,United States,Ice Hockey
Florida Panthers,-5,-4,United States,Ice Hockey
Fort Wayne Komets,-5,-4,United States,Ice Hockey
Grand Rapids Griffins,-5,-4,United States,Ice Hockey
Green Bay Gamblers,-6,-5,United States,Ice Hockey
Greenville Swamp Rabbits,-5,-4,United States,Ice Hockey
Hartford Wolf Pack,-5,-4,United States,Ice Hockey
Henderson Silver Knights,-8,-7,United States,Ice Hockey
Hershey Bears,-5,-4,United States,Ice Hockey
Huntsville Havoc,-6,-5,United States,Ice Hockey
Idaho Steelheads,-7,-6,United States,Ice Hockey
Indy Fuel,-5,-4,United States,Ice Hockey
Iowa Heartlanders,-6,-5,United States,Ice Hockey
Iowa Wild,-5,-4,United States,Ice Hockey
Jacksonville IceMen,-5,-4,United States,Ice Hockey
Kalamazoo Wings,-5,-4,United States,Ice Hockey
Kansas City Mavericks,-6,-5,United States,Ice Hockey
Knoxville Ice Bears,-5,-4,United States,Ice Hockey
Lehigh Valley Phantoms,-5,-4,United States,Ice Hockey
Lincoln Stars,-6,-5,United States,Ice Hockey
Los Angeles Kings,-8,-7,United States,Ice Hockey
Macon Mayhem,-5,-4,United States,Ice Hockey
Madison Capitols,-6,-5,United States,Ice Hockey
Maine Mariners,-5,-4,United States,Ice Hockey
Milwaukee Admirals,-6,-5,United States,Ice Hockey
Minnesota Wild,-6,-5,United States,Ice Hockey
Muskegon Lumberjacks,-5,-4,United States,Ice Hockey
Nashville Predators,-6,-5,United States,Ice Hockey
New Jersey Devils,-5,-4,United States,Ice Hockey
New York Islanders,-5,-4,United States,Ice Hockey
New York Rangers,-5,-4,United States,Ice Hockey
Norfolk Admirals,-5,-4,United States,Ice Hockey
Omaha Lancers,-6,-5,United States,Ice Hockey
Ontario Reign,-8,-7,United States,Ice Hockey
Orlando Solar Bears,-5,-4,United States,Ice Hockey
Pensacola Ice Flyers,-6,-5,United States,Ice Hockey
Peoria Rivermen,-6,-5,United States,Ice Hockey
Philadelphia Flyers,-5,-4,United States,Ice Hockey
Pittsburgh Penguins,-5,-4,United States,Ice Hockey
Portland Winterhawks,-8,-7,United States,Ice Hockey
Providence Bruins,-5,-4,United States,Ice Hockey
Quad City Storm,-6,-5,United States,Ice Hockey
Rapid City Rush,-7,-6,United States,Ice Hockey
Reading Royals,-5,-4,United States,Ice Hockey
Roanoke Rail Yard Dawgs,-5,-4,United States,Ice Hockey
Rochester Americans,-5,-4,United States,Ice Hockey
Rockford IceHogs,-6,-5,United States,Ice Hockey
Saginaw Spirit,-5,-4,United States,Ice Hockey
San Diego Gulls,-8,-7,United States,Ice Hockey
San Jose Barracuda,-8,-7,United States,Ice Hockey
San Jose Sharks,-8,-7,United States,Ice Hockey
Savannah,-5,-4,United States,Ice Hockey
Seattle Kraken,-8,-7,United States,Ice Hockey
Seattle Thunderbirds,-8,-7,United States,Ice Hockey
Sioux City Musketeers,-6,-5,United States,Ice Hockey
Sioux Falls Stampede,-6,-5,United States,Ice Hockey
South Carolina Stingrays,-5,-4,United States,Ice Hockey
Spokane Chiefs,-8,-7,United States,Ice Hockey
Springfield Thunderbirds,-5,-4,United States,Ice Hockey
St. Louis Blues,-6,-5,United States,Ice Hockey
Syracuse Crunch,-5,-4,United States,Ice Hockey
Tampa Bay Lightning,-5,-4,United States,Ice Hockey
Texas Stars,-6,-5,United States,Ice Hockey
Toledo Walleye,-5,-4,United States,Ice Hockey
Tri-City Americans,-8,-7,United States,Ice Hockey
Tri-City Storm,-6,-5,United States,Ice Hockey
Tucson Roadrunners,-7,-7,United States,Ice Hockey
Tulsa Oilers,-6,-5,United States,Ice Hockey
USA Hockey National Team Development Program,-5,-4,United States,Ice Hockey
Utah Grizzlies,-7,-6,United States,Ice Hockey
Utica Comets,-5,-4,United States,Ice Hockey
Vegas Golden Knights,-8,-7,United States,Ice Hockey
Washington Capitals,-5,-4,United States,Ice Hockey
Waterloo Black Hawks,-6,-5,United States,Ice Hockey
Wenatchee Wild,-8,-7,United States,Ice Hockey
Wheeling Nailers,-5,-4,United States,Ice Hockey
Wichita Thunder,-6,-5,United States,Ice Hockey
Wilkes-Barre Scranton Penguins,-5,-4,United States,Ice Hockey
Winnipeg Ice,-8,-7,United States,Ice Hockey
Worcester Railers,-5,-4,United States,Ice Hockey
Youngstown Phantoms,-5,-4,United States,Ice Hockey
Acacia Ridge FC,10,10,Australia,Soccer
Adamstown Rosebud FC,11,10,Australia,Soccer
Adelaide Blue Eagles,10.5,9.5,Australia,Soccer
Adelaide City FC,10.5,9.5,Australia,Soccer
Adelaide Comets FC,10.5,9.5,Australia,Soccer
Adelaide Olympic FC,10.5,9.5,Australia,Soccer
Adelaide Raiders SC,10.5,9.5,Australia,Soccer
Adelaide United,10.5,9.5,Australia,Soccer
Adelaide United Women,10.5,9.5,Australia,Soccer
Albany Creek Excelsior FC,10,10,Australia,Soccer
Altona Magic SC,11,10,Australia,Soccer
APIA Leichhardt FC,11,10,Australia,Soccer
Armadale SC,8,8,Australia,Soccer
Australia,11,10,Australia,Soccer
Avondale FC,11,10,Australia,Soccer
Balcatta FC,8,8,Australia,Soccer
Bayside United FC,10,10,Australia,Soccer
Bayswater City Soccer Club,8,8,Australia,Soccer
Belconnen United,11,10,Australia,Soccer
Bentleigh Greens SC,11,10,Australia,Soccer
Blacktown City FC,11,10,Australia,Soccer
Brisbane City FC,10,10,Australia,Soccer
Brisbane Knights FC,10,10,Australia,Soccer
Brisbane Roar FC,10,10,Australia,Soccer
Brisbane Roar FC Women,10,10,Australia,Soccer
Brisbane Strikers FC,10,10,Australia,Soccer
Broadmeadow Magic FC,11,10,Australia,Soccer
Bulls FC Academy,11,10,Australia,Soccer
Campbelltown City SC,10.5,9.5,Australia,Soccer
Canberra FC,11,10,Australia,Soccer
Canberra Olympic,11,10,Australia,Soccer
Canberra United Women,11,10,Australia,Soccer
Capalaba FC,10,10,Australia,Soccer
Casuarina FC,9.5,9.5,Australia,Soccer
Centenary Stormers FC,10,10,Australia,Soccer
Central Coast Mariners,11,10,Australia,Soccer
Central Coast Mariners Women,11,10,Australia,Soccer
Charlestown Azzurri FC,11,10,Australia,Soccer
Clarence Zebras FC,11,10,Australia,Soccer
Cockburn City SC,8,8,Australia,Soccer
Cooks Hill United,11,10,Australia,Soccer
Cooma Tigers,11,10,Australia,Soccer
Croydon Kings,10.5,9.5,Australia,Soccer
Cumberland United FC,10.5,9.5,Australia,Soccer
Dandenong City SC,11,10,Australia,Soccer
Dandenong Thunder SC,11,10,Australia,Soccer
Darwin Hearts FC,9.5,9.5,Australia,Soccer
Darwin Olympic SC,9.5,9.5,Australia,Soccer
Devonport City FC,11,10,Australia,Soccer
Eastern Lions SC,11,10,Australia,Soccer
Eastern Suburbs FC,10,10,Australia,Soccer
ECU Joondalup SC,8,8,Australia,Soccer
Edge Hill United,10,10,Australia,Soccer
Edgeworth FC,11,10,Australia,Soccer
Floreat Athena FC,8,8,Australia,Soccer
Glenorchy Knights FC,11,10,Australia,Soccer
Gold Coast Knights SC,10,10,Australia,Soccer
Gold Coast United FC,10,10,Australia,Soccer
Green Gully SC,11,10,Australia,Soccer
Gungahlin United FC,11,10,Australia,Soccer
Gwelup Croatia,8,8,Australia,Soccer
Heidelberg United FC,11,10,Australia,Soccer
Hellenic Athletic,9.5,9.5,Australia,Soccer
Hume City FC,11,10,Australia,Soccer
Inglewood United FC,8,8,Australia,Soccer
Kingborough Lions United FC,11,10,Australia,Soccer
Lake Macquarie City FC,11,10,Australia,Soccer
Lambton Jaffas FC,11,10,Australia,Soccer
Launceston City FC,11,10,Australia,Soccer
Launceston United,11,10,Australia,Soccer
Logan Lightning FC,10,10,Australia,Soccer
Macarthur FC,11,10,Australia,Soccer
Mackay and Whitsundays Magpies Crusaders United,10,10,Australia,Soccer
Maitland FC,11,10,Australia,Soccer
Manly United FC,11,10,Australia,Soccer
Marconi Stallions,11,10,Australia,Soccer
Melbourne City FC,11,10,Australia,Soccer
Melbourne City FC Women,11,10,Australia,Soccer
Melbourne Knights,11,10,Australia,Soccer
Melbourne Victory,11,10,Australia,Soccer
Melbourne Victory Women,11,10,Australia,Soccer
Mindil Aces FC,9.5,9.5,Australia,Soccer
Modbury Jets SC,10.5,9.5,Australia,Soccer
Monaro Panthers,11,10,Australia,Soccer
Moreland City,11,10,Australia,Soccer
Moreton Bay United FC,10,10,Australia,Soccer
Mt Druitt Town Rangers FC,11,10,Australia,Soccer
Mt Gravatt Hawks FC,10,10,Australia,Soccer
New Lambton,11,10,Australia,Soccer
Newcastle Jets,11,10,Australia,Soccer
Newcastle Jets Women,11,10,Australia,Soccer
Newcastle Olympic FC,11,10,Australia,Soccer
Newmarket SFC,10,10,Australia,Soccer
North Brisbane,10,10,Australia,Soccer
North Eastern MetroStars SC,10.5,9.5,Australia,Soccer
North Geelong Warriors,11,10,Australia,Soccer
North Pine,10,10,Australia,Soccer
Northbridge FC,11,10,Australia,Soccer
NWS Spirit,11,10,Australia,Soccer
Oakleigh Cannons FC,11,10,Australia,Soccer
OConnor Knights,11,10,Australia,Soccer
Olympia FC Warriors,11,10,Australia,Soccer
Olympic FC,10,10,Australia,Soccer
Olympic Kingsway,8,8,Australia,Soccer
Peninsula Power FC,10,10,Australia,Soccer
Perth Glory,8,8,Australia,Soccer
Perth Glory FC U21,8,8,Australia,Soccer
Perth Glory Women,8,8,Australia,Soccer
Perth RedStar,8,8,Australia,Soccer
Perth SC,8,8,Australia,Soccer
Pine Hills FC,10,10,Australia,Soccer
Port Darwin FC,9.5,9.5,Australia,Soccer
Port Melbourne SC,11,10,Australia,Soccer
Queensland Lions FC,10,10,Australia,Soccer
Redcliffe Dolphins,10,10,Australia,Soccer
Redlands United FC,10,10,Australia,Soccer
Riverside Olympic FC,11,10,Australia,Soccer
Rochedale Rovers,10,10,Australia,Soccer
Rockdale Ilinden FC,11,10,Australia,Soccer
Rockingham City FC,8,8,Australia,Soccer
Sorrento FC,8,8,Australia,Soccer
South Adelaide Panthers FC,10.5,9.5,Australia,Soccer
South Hobart FC,11,10,Australia,Soccer
South Melbourne FC,11,10,Australia,Soccer
St Albans Saints SC,11,10,Australia,Soccer
St George City FA,11,10,Australia,Soccer
St George Willawong FC,10,10,Australia,Soccer
Stirling,8,8,Australia,Soccer
Sturt Lions FC,10.5,9.5,Australia,Soccer
Sunshine Coast FC,10,10,Australia,Soccer
Sutherland Sharks FC,11,10,Australia,Soccer
Sydney FC,11,10,Australia,Soccer
Sydney FC U21,11,10,Australia,Soccer
Sydney FC Women,11,10,Australia,Soccer
Sydney Olympic FC,11,10,Australia,Soccer
Sydney United,11,10,Australia,Soccer
The Gap FC,10,10,Australia,Soccer
The Lakes FC,10,10,Australia,Soccer
Toowong FC,10,10,Australia,Soccer
Tuggeranong United,11,10,Australia,Soccer
University Azzurri FC,9.5,9.5,Australia,Soccer
University of Queensland FC,10,10,Australia,Soccer
Valentine Phoenix FC,11,10,Australia,Soccer
Virginia United,10,10,Australia,Soccer
Wellington Phoenix Women,11,10,Australia,Soccer
West Adelaide,10.5,9.5,Australia,Soccer
West Torrens Birkalla,10.5,9.5,Australia,Soccer
Western Spirit FC,10,10,Australia,Soccer
Western Sydney Wanderers FC,11,10,Australia,Soccer
Western Sydney Wanderers FC Women,11,10,Australia,Soccer
Western United FC,11,10,Australia,Soccer
Western United FC Women,11,10,Australia,Soccer
Weston Bears FC,11,10,Australia,Soccer
White City Woodville,10.5,9.5,Australia,Soccer
Woden Valley,11,10,Australia,Soccer
Wollongong Wolves,11,10,Australia,Soccer
4 de Julho,-3,-3,Brazil,Soccer
ABC Futebol Clube,-3,-3,Brazil,Soccer
Ação,-4,-4,Brazil,Soccer
Afogados,-3,-3,Brazil,Soccer
Águia de Marabá PA,-3,-3,Brazil,Soccer
Águia Negra,-4,-4,Brazil,Soccer
Aimoré,-3,-3,Brazil,Soccer
Altos,-3,-3,Brazil,Soccer
Amazonas,-4,-4,Brazil,Soccer
America MG,-3,-3,Brazil,Soccer
America RN,-3,-3,Brazil,Soccer
Anápolis,-3,-3,Brazil,Soccer
AO Itabaiana,-3,-3,Brazil,Soccer
Aparecidense,-3,-3,Brazil,Soccer
Aquidauanense,-4,-4,Brazil,Soccer
ASA de Arapiraca,-3,-3,Brazil,Soccer
Athletic Club MG,-3,-3,Brazil,Soccer
Atlético Acreano,-5,-5,Brazil,Soccer
Atlético de Alagoinhas,-3,-3,Brazil,Soccer
Atletico GO,-3,-3,Brazil,Soccer
Atletico MG,-3,-3,Brazil,Soccer
Atlético Mineiro Women,-3,-3,Brazil,Soccer
Atletico PR,-3,-3,Brazil,Soccer
Avai FC,-3,-3,Brazil,Soccer
Azuriz,-3,-3,Brazil,Soccer
Bahia,-3,-3,Brazil,Soccer
Bahia de Feira,-3,-3,Brazil,Soccer
Bahia Women,-3,-3,Brazil,Soccer
Bangu,-3,-3,Brazil,Soccer
Boa Esporte Clube,-3,-3,Brazil,Soccer
Boavista SC,-3,-3,Brazil,Soccer
Botafogo PB,-3,-3,Brazil,Soccer
Botafogo RJ,-3,-3,Brazil,Soccer
Botafogo SP,-3,-3,Brazil,Soccer
Botafogo Women,-3,-3,Brazil,Soccer
Bragantino,-3,-3,Brazil,Soccer
Brasil de Pelotas,-3,-3,Brazil,Soccer
Brasiliense,-3,-3,Brazil,Soccer
Brazil,-3,-3,Brazil,Soccer
Brusque,-3,-3,Brazil,Soccer
Caldense,-3,-3,Brazil,Soccer
Camboriú SC,-3,-3,Brazil,Soccer
Campinense,-3,-3,Brazil,Soccer
Castanhal,-3,-3,Brazil,Soccer
Caucaia,-3,-3,Brazil,Soccer
Caxias,-3,-3,Brazil,Soccer
Ceara,-3,-3,Brazil,Soccer
Ceilândia,-3,-3,Brazil,Soccer
Central Sport Club,-3,-3,Brazil,Soccer
CEOV Operário,-4,-4,Brazil,Soccer
Chapecoense AF,-3,-3,Brazil,Soccer
Cianorte,-3,-3,Brazil,Soccer
Concórdia SC,-3,-3,Brazil,Soccer
Confiança,-3,-3,Brazil,Soccer
Cordino MA,-3,-3,Brazil,Soccer
Corinthians,-3,-3,Brazil,Soccer
Corinthians Women,-3,-3,Brazil,Soccer
Coritiba,-3,-3,Brazil,Soccer
Costa Rica Esporte Clube,-4,-4,Brazil,Soccer
CRAC,-3,-3,Brazil,Soccer
Crato,-3,-3,Brazil,Soccer
CRB,-3,-3,Brazil,Soccer
CRESSPOM,-3,-3,Brazil,Soccer
Criciuma,-3,-3,Brazil,Soccer
Cruzeiro,-3,-3,Brazil,Soccer
Cruzeiro de Arapiraca,-3,-3,Brazil,Soccer
Cruzeiro Women,-3,-3,Brazil,Soccer
CS Alagoano,-3,-3,Brazil,Soccer
CSE,-3,-3,Brazil,Soccer
Cuiaba,-4,-4,Brazil,Soccer
Democrata GV MG,-3,-3,Brazil,Soccer
ESMAC,-3,-3,Brazil,Soccer
Esportivo de Bento Gonçalves,-3,-3,Brazil,Soccer
Falcon SE,-3,-3,Brazil,Soccer
FC Atlético Cearense,-3,-3,Brazil,Soccer
FC Cascavel,-3,-3,Brazil,Soccer
Ferroviária,-3,-3,Brazil,Soccer
Ferroviaria Women,-3,-3,Brazil,Soccer
Ferroviario,-3,-3,Brazil,Soccer
Figueirense,-3,-3,Brazil,Soccer
Flamengo,-3,-3,Brazil,Soccer
Flamengo Women,-3,-3,Brazil,Soccer
Floresta,-3,-3,Brazil,Soccer
Fluminense,-3,-3,Brazil,Soccer
Fluminense PI,-3,-3,Brazil,Soccer
Fortaleza,-3,-3,Brazil,Soccer
Galvez,-5,-5,Brazil,Soccer
Gama,-3,-3,Brazil,Soccer
GAS,-4,-4,Brazil,Soccer
Globo,-3,-3,Brazil,Soccer
Goianésia,-3,-3,Brazil,Soccer
Goias,-3,-3,Brazil,Soccer
Gremio,-3,-3,Brazil,Soccer
Grêmio Anápolis,-3,-3,Brazil,Soccer
Gremio Women,-3,-3,Brazil,Soccer
Guarani,-3,-3,Brazil,Soccer
Guarany de Sobral,-3,-3,Brazil,Soccer
Hercílio Luz,-3,-3,Brazil,Soccer
Humaitá,-5,-5,Brazil,Soccer
Icasa,-3,-3,Brazil,Soccer
IF São Joseense,-3,-3,Brazil,Soccer
Iguatu CE,-3,-3,Brazil,Soccer
Imperatriz,-3,-3,Brazil,Soccer
Inter de Limeira,-3,-3,Brazil,Soccer
Internacional,-3,-3,Brazil,Soccer
Internacional RS Women,-3,-3,Brazil,Soccer
Interporto,-3,-3,Brazil,Soccer
Iporá,-3,-3,Brazil,Soccer
Ituano,-3,-3,Brazil,Soccer
Jacuipense,-3,-3,Brazil,Soccer
Jaraguá,-3,-3,Brazil,Soccer
Joinville,-3,-3,Brazil,Soccer
Juazeirense,-3,-3,Brazil,Soccer
Juventude,-3,-3,Brazil,Soccer
Juventude-MA,-3,-3,Brazil,Soccer
Juventus-SC,-3,-3,Brazil,Soccer
Kindermann Women,-3,-3,Brazil,Soccer
Lagarto,-3,-3,Brazil,Soccer
Londrina EC,-3,-3,Brazil,Soccer
Madureira,-3,-3,Brazil,Soccer
Manaus FC,-4,-4,Brazil,Soccer
Maranhão,-3,-3,Brazil,Soccer
Marcílio Dias,-3,-3,Brazil,Soccer
Marília Atlético Clube,-3,-3,Brazil,Soccer
Maringá PR,-3,-3,Brazil,Soccer
Minas ICESP Women,-3,-3,Brazil,Soccer
Mirassol,-3,-3,Brazil,Soccer
Moto Club,-3,-3,Brazil,Soccer
Murici FC,-3,-3,Brazil,Soccer
Nacional AM,-4,-4,Brazil,Soccer
Nacional de Patos,-3,-3,Brazil,Soccer
Nacional Fast Clube,-4,-4,Brazil,Soccer
Nautico,-3,-3,Brazil,Soccer
Náutico RR,-4,-4,Brazil,Soccer
Nova Iguaçu,-3,-3,Brazil,Soccer
Nova Mutum,-4,-4,Brazil,Soccer
Nova Venécia,-3,-3,Brazil,Soccer
Novo Hamburgo,-3,-3,Brazil,Soccer
Novorizontino,-3,-3,Brazil,Soccer
Oeste FC,-3,-3,Brazil,Soccer
Operario Ferroviario,-3,-3,Brazil,Soccer
Operário MS,-4,-4,Brazil,Soccer
Pacajus,-3,-3,Brazil,Soccer
Palermo,-3,-3,Brazil,Soccer
Palmas Futebol e Regatas,-3,-3,Brazil,Soccer
Palmeiras,-3,-3,Brazil,Soccer
Palmeiras Women,-3,-3,Brazil,Soccer
Paragominas,-3,-3,Brazil,Soccer
Parana Clube,-3,-3,Brazil,Soccer
Parnahyba PI,-3,-3,Brazil,Soccer
Patrocinense,-3,-3,Brazil,Soccer
Paysandu,-3,-3,Brazil,Soccer
Penarol Atlético Clube,-4,-4,Brazil,Soccer
Pérolas Negras,-3,-3,Brazil,Soccer
Picos,-3,-3,Brazil,Soccer
Ponte Preta,-3,-3,Brazil,Soccer
Porto Velho,-4,-4,Brazil,Soccer
Portuguesa,-3,-3,Brazil,Soccer
Portuguesa RJ,-3,-3,Brazil,Soccer
Pouso Alegre,-3,-3,Brazil,Soccer
Princesa do Solimões AM,-4,-4,Brazil,Soccer
Próspera Criciuma,-3,-3,Brazil,Soccer
RB Bragantino Women,-3,-3,Brazil,Soccer
Real Ariquemes,-4,-4,Brazil,Soccer
Real Brasília Women,-3,-3,Brazil,Soccer
Real Noroeste,-3,-3,Brazil,Soccer
Remo,-3,-3,Brazil,Soccer
Resende RJ,-3,-3,Brazil,Soccer
Retrô,-3,-3,Brazil,Soccer
Rio Branco AC,-3,-3,Brazil,Soccer
Rio Branco do Paraná,-3,-3,Brazil,Soccer
Rio Branco FC,-5,-5,Brazil,Soccer
Rio Branco-VN,-3,-3,Brazil,Soccer
Salgueiro,-3,-3,Brazil,Soccer
Sampaio Correa,-3,-3,Brazil,Soccer
Santa Cruz,-3,-3,Brazil,Soccer
Santana,-3,-3,Brazil,Soccer
Santo André,-3,-3,Brazil,Soccer
Santos FC,-3,-3,Brazil,Soccer
Santos Women,-3,-3,Brazil,Soccer
Sao Bento,-3,-3,Brazil,Soccer
São Bernardo,-3,-3,Brazil,Soccer
São Francisco AC,-5,-5,Brazil,Soccer
São José,-3,-3,Brazil,Soccer
Sao Jose Women,-3,-3,Brazil,Soccer
São Luiz,-3,-3,Brazil,Soccer
Sao Paulo,-3,-3,Brazil,Soccer
São Paulo Crystal,-3,-3,Brazil,Soccer
São Paulo Women,-3,-3,Brazil,Soccer
São Raimundo,-4,-4,Brazil,Soccer
São Raimundo AM,-4,-4,Brazil,Soccer
Sergipe,-3,-3,Brazil,Soccer
Sousa,-3,-3,Brazil,Soccer
Sport Club do Recife,-3,-3,Brazil,Soccer
Tocantinópolis,-3,-3,Brazil,Soccer
Tombense,-3,-3,Brazil,Soccer
Trem,-3,-3,Brazil,Soccer
Treze,-3,-3,Brazil,Soccer
Tuna Luso,-3,-3,Brazil,Soccer
Tuntum,-3,-3,Brazil,Soccer
Uberlândia,-3,-3,Brazil,Soccer
União de Rondonópolis,-4,-4,Brazil,Soccer
Uniao Trabalhadores,-3,-3,Brazil,Soccer
Vasco da Gama,-3,-3,Brazil,Soccer
Vila Nova,-3,-3,Brazil,Soccer
Vitoria,-3,-3,Brazil,Soccer
Vitória ES,-3,-3,Brazil,Soccer
Volta Redonda,-3,-3,Brazil,Soccer
XV de Novembro,-3,-3,Brazil,Soccer
Ypiranga,-3,-3,Brazil,Soccer
Ypiranga Clube,-3,-3,Brazil,Soccer
Atlético Ottawa,-5,-4,Canada,Soccer
Canada,-5,-4,Canada,Soccer
Cavalry,-7,-6,Canada,Soccer
CF Montréal,-5,-4,Canada,Soccer
FC Edmonton,-7,-6,Canada,Soccer
FC Manitoba,-6,-5,Canada,Soccer
Forge FC,-5,-4,Canada,Soccer
HFX Wanderers,-4,-3,Canada,Soccer
Montreal Impact,-5,-4,Canada,Soccer
Pacific FC,-8,-7,Canada,Soccer
Toronto FC,-5,-4,Canada,Soccer
Toronto FC II,-5,-4,Canada,Soccer
Valour,-6,-5,Canada,Soccer
Vancouver FC,-8,-7,Canada,Soccer
Vancouver Whitecaps,-8,-7,Canada,Soccer
Whitecaps FC 2,-8,-7,Canada,Soccer
York9,-5,-4,Canada,Soccer
AC Rangers,1,1,Congo-DR,Soccer
Blessing Lualaba,2,2,Congo-DR,Soccer
Congo-DR,1,1,Congo-DR,Soccer
Dauphins Noirs,2,2,Congo-DR,Soccer
DCMP Imana,1,1,Congo-DR,Soccer
Don Bosco,2,2,Congo-DR,Soccer
Groupe Bazano,2,2,Congo-DR,Soccer
JS Kinshasa,1,1,Congo-DR,Soccer
Lubumbashi Sport,2,2,Congo-DR,Soccer
Maniema Union,2,2,Congo-DR,Soccer
RC Kinshasa,1,1,Congo-DR,Soccer
Renaissance du Congo,1,1,Congo-DR,Soccer
Saint-Éloi Lupopo,2,2,Congo-DR,Soccer
Sanga Balende,2,2,Congo-DR,Soccer
Simba Kolwezi,2,2,Congo-DR,Soccer
TP Mazembe,2,2,Congo-DR,Soccer
Vita Club,1,1,Congo-DR,Soccer
Arema FC,7,7,Indonesia,Soccer
Bali United,8,8,Indonesia,Soccer
Bhayangkara FC,7,7,Indonesia,Soccer
Borneo FC,7,7,Indonesia,Soccer
Dewa United,7,7,Indonesia,Soccer
Indonesia,7,7,Indonesia,Soccer
Madura United,7,7,Indonesia,Soccer
Persebaya,7,7,Indonesia,Soccer
Persela,7,7,Indonesia,Soccer
Persib,7,7,Indonesia,Soccer
Persija,7,7,Indonesia,Soccer
Persik Kediri,7,7,Indonesia,Soccer
Persikabo 1973,7,7,Indonesia,Soccer
Persipura,8,8,Indonesia,Soccer
Persiraja,7,7,Indonesia,Soccer
Persis Solo,7,7,Indonesia,Soccer
Persita,7,7,Indonesia,Soccer
PS Barito Putera,7,7,Indonesia,Soccer
PSIS Semarang,7,7,Indonesia,Soccer
PSM Makassar,8,8,Indonesia,Soccer
PSS Sleman,7,7,Indonesia,Soccer
RANS Nusantara,7,7,Indonesia,Soccer
Aktobe,5,5,Kazakhstan,Soccer
Akzhayik,5,5,Kazakhstan,Soccer
Atyrau,5,5,Kazakhstan,Soccer
Caspiy Aktau,5,5,Kazakhstan,Soccer
FC Astana,6,6,Kazakhstan,Soccer
FC Taraz,6,6,Kazakhstan,Soccer
FC Tobol,6,6,Kazakhstan,Soccer
FK Aksu,6,6,Kazakhstan,Soccer
FK Maktaaral,6,6,Kazakhstan,Soccer
Jetysu Taldykorgan,6,6,Kazakhstan,Soccer
Kairat Almaty,6,6,Kazakhstan,Soccer
Kaisar Kyzylorda,5,5,Kazakhstan,Soccer
Kazakhstan,6,6,Kazakhstan,Soccer
Kyzylzhar SK,6,6,Kazakhstan,Soccer
Okzhetpes,6,6,Kazakhstan,Soccer
Ordabasy Shymkent,6,6,Kazakhstan,Soccer
Shakhter Karaganda,6,6,Kazakhstan,Soccer
Turan,6,6,Kazakhstan,Soccer
Alacranes de Durango,-6,-5,Mexico,Soccer
Alebrijes de Oaxaca,-6,-5,Mexico,Soccer
Atlante,-6,-5,Mexico,Soccer
Atlas,-6,-5,Mexico,Soccer
Atlas FC Femenil,-6,-5,Mexico,Soccer
Atletico de San Luis,-6,-5,Mexico,Soccer
Atlético de San Luis Femenil,-6,-5,Mexico,Soccer
Atlético La Paz,-8,-7,Mexico,Soccer
C.D. Guadalajara Femenil,-6,-5,Mexico,Soccer
C.F. Monterrey Femenil,-6,-5,Mexico,Soccer
C.F. Pachuca Femenil,-6,-5,Mexico,Soccer
Cancún,-5,-5,Mexico,Soccer
CD Guadalajara,-6,-5,Mexico,Soccer
Celaya,-6,-5,Mexico,Soccer
CF America,-6,-5,Mexico,Soccer
Cimarrones de Sonora,-7,-7,Mexico,Soccer
Club América Femenil,-6,-5,Mexico,Soccer
Club León Femenil,-6,-5,Mexico,Soccer
Club Necaxa Femenil,-6,-5,Mexico,Soccer
Club Santos Laguna Femenil,-6,-5,Mexico,Soccer
Club Tijuana Femenil,-8,-7,Mexico,Soccer
Club Universidad Nacional Femenil,-6,-5,Mexico,Soccer
Correcaminos UAT,-6,-5,Mexico,Soccer
Cruz Azul,-6,-5,Mexico,Soccer
Cruz Azul Femenil,-6,-5,Mexico,Soccer
Deportivo Toluca F.C. Femenil,-6,-5,Mexico,Soccer
Dorados,-7,-6,Mexico,Soccer
FC Juarez,-7,-6,Mexico,Soccer
FC Juárez Femenil,-7,-6,Mexico,Soccer
Leon,-6,-5,Mexico,Soccer
Leones Negros UDG,-6,-5,Mexico,Soccer
Mazatlán,-7,-6,Mexico,Soccer
Mazatlán FC Femenil,-7,-6,Mexico,Soccer
Mexico,-6,-5,Mexico,Soccer
Mineros de Zacatecas,-6,-5,Mexico,Soccer
Monterrey,-6,-5,Mexico,Soccer
Morelia,-6,-5,Mexico,Soccer
Necaxa,-6,-5,Mexico,Soccer
Pachuca,-6,-5,Mexico,Soccer
Puebla,-6,-5,Mexico,Soccer
Puebla Femenil,-6,-5,Mexico,Soccer
Pumas,-6,-5,Mexico,Soccer
Pumas Tabasco,-6,-5,Mexico,Soccer
Queretaro FC,-6,-5,Mexico,Soccer
Querétaro FC Femenil,-6,-5,Mexico,Soccer
Raya2,-6,-5,Mexico,Soccer
Santos,-6,-5,Mexico,Soccer
Tampico Madero,-6,-5,Mexico,Soccer
Tapatío,-6,-5,Mexico,Soccer
Tepatitlán FC,-6,-5,Mexico,Soccer
Tigres,-6,-5,Mexico,Soccer
Tigres UANL Femenil,-6,-5,Mexico,Soccer
Tijuana,-8,-7,Mexico,Soccer
Tlaxcala,-6,-5,Mexico,Soccer
Toluca,-6,-5,Mexico,Soccer
Venados,-6,-5,Mexico,Soccer
Academico Viseu,0,1,Portugal,Soccer
Arouca,0,1,Portugal,Soccer
Associação Académica de Coimbra,0,1,Portugal,Soccer
Belenenses,0,1,Portugal,Soccer
Benfica,0,1,Portugal,Soccer
Benfica B,0,1,Portugal,Soccer
Boavista,0,1,Portugal,Soccer
Braga,0,1,Portugal,Soccer
Casa Pia,0,1,Portugal,Soccer
CD Nacional de Madeira,0,1,Portugal,Soccer
Chaves,0,1,Portugal,Soccer
Covilha,0,1,Portugal,Soccer
Estoril-Praia,0,1,Portugal,Soccer
Estrela Amadora,0,1,Portugal,Soccer
F.C. Paços de Ferreira,0,1,Portugal,Soccer
Famalicao,0,1,Portugal,Soccer
FC Porto,0,1,Portugal,Soccer
FC Porto B,0,1,Portugal,Soccer
Feirense,0,1,Portugal,Soccer
Gil Vicente,0,1,Portugal,Soccer
Guimaraes,0,1,Portugal,Soccer
Leixoes,0,1,Portugal,Soccer
Mafra,0,1,Portugal,Soccer
Maritimo,0,1,Portugal,Soccer
Moreirense,0,1,Portugal,Soccer
Penafiel,0,1,Portugal,Soccer
Portimonense,0,1,Portugal,Soccer
Portugal,0,1,Portugal,Soccer
Rio Ave,0,1,Portugal,Soccer
Santa Clara,-1,0,Portugal,Soccer
SC Farense,0,1,Portugal,Soccer
Sporting CP,0,1,Portugal,Soccer
Tondela,0,1,Portugal,Soccer
Trofense,0,1,Portugal,Soccer
Varzim,0,1,Portugal,Soccer
Vilafranquense,0,1,Portugal,Soccer
Vizela,0,1,Portugal,Soccer
2Drots,3,3,Russia,Soccer
Akron Tolyatti,4,4,Russia,Soccer
Akron Tolyatti-2,4,4,Russia,Soccer
Alania Vladikavkaz,3,3,Russia,Soccer
Alaniya Vladikavkaz II,3,3,Russia,Soccer
Amkal,3,3,Russia,Soccer
Amkar,5,5,Russia,Soccer
Armavir FK,3,3,Russia,Soccer
Arsenal Tula,3,3,Russia,Soccer
Arsenal Tula II,3,3,Russia,Soccer
Avangard Kursk,3,3,Russia,Soccer
Balashikha,3,3,Russia,Soccer
Baltika BFU,2,2,Russia,Soccer
Baltika Kaliningrad,2,2,Russia,Soccer
Chayka Peschanokopskoye,3,3,Russia,Soccer
Chertanovo Moscow,3,3,Russia,Soccer
Dinamo Kirov,3,3,Russia,Soccer
Dinamo Moscow,3,3,Russia,Soccer
Dinamo Moskva II,3,3,Russia,Soccer
Dinamo St. Petersburg,3,3,Russia,Soccer
Dinamo Vologda,3,3,Russia,Soccer
Dynamo Bryansk,3,3,Russia,Soccer
Elektron VN,3,3,Russia,Soccer
Fakel Voronezh,3,3,Russia,Soccer
FC Anzhi Makhachkala,3,3,Russia,Soccer
FC Biolog-Novokubansk,3,3,Russia,Soccer
FC Chelyabinsk,5,5,Russia,Soccer
FC Chernomorets Novorossiysk,3,3,Russia,Soccer
FC Druzhba Maykop,3,3,Russia,Soccer
FC Dynamo Barnaul,6,6,Russia,Soccer
FC Forte Taganrog,3,3,Russia,Soccer
FC Kaluga,3,3,Russia,Soccer
FC Khimik Dzerzhinsk,3,3,Russia,Soccer
FC Kolomna,3,3,Russia,Soccer
FC Krasnodar,3,3,Russia,Soccer
FC Krasnodar-2,3,3,Russia,Soccer
FC Kuban-Holding Pavlovskaya,3,3,Russia,Soccer
FC Kvant Obninsk,3,3,Russia,Soccer
FC Legion Dynamo Makhachkala,3,3,Russia,Soccer
FC Leningradets Leningrad Oblast,3,3,Russia,Soccer
FC Luch Vladivostok,10,10,Russia,Soccer
FC Luki-Energiya Velikiye Luki,3,3,Russia,Soccer
FC Mashuk-KMV Pyatigorsk,3,3,Russia,Soccer
FC Murom,3,3,Russia,Soccer
FC Nosta Novotroitsk,5,5,Russia,Soccer
FC Novosibirsk,6,6,Russia,Soccer
FC Rodina Moscow,3,3,Russia,Soccer
FC Rodina-2 Moscow,3,3,Russia,Soccer
FC Rodina-3 Moscow,3,3,Russia,Soccer
FC Ryazan,3,3,Russia,Soccer
FC Sakhalin Yuzhno-Sakhalinsk,10,10,Russia,Soccer
FC Salyut Belgorod,3,3,Russia,Soccer
FC SKA Rostov-on-Don,3,3,Russia,Soccer
FC Sokol Saratov,3,3,Russia,Soccer
FC Strogino Moscow,3,3,Russia,Soccer
FC Torpedo Miass,5,5,Russia,Soccer
FC Torpedo Vladimir,3,3,Russia,Soccer
FC Tver,3,3,Russia,Soccer
FC Tyumen,5,5,Russia,Soccer
FC Ufa,5,5,Russia,Soccer
FC Volga Ulyanovsk,4,4,Russia,Soccer
FC Yenisey Krasnoyarsk,7,7,Russia,Soccer
FC Yessentuki,3,3,Russia,Soccer
FC Zenit Penza,3,3,Russia,Soccer
FC Zenit-Izhevsk,4,4,Russia,Soccer
FC Znamya Noginsk,3,3,Russia,Soccer
FC Znamya Truda Orekhovo-Zuyevo,3,3,Russia,Soccer
FC Zvezda Saint Petersburg,3,3,Russia,Soccer
FK Rostov,3,3,Russia,Soccer
FK Rubin Kazan,3,3,Russia,Soccer
FK Rubin Kazan-2,3,3,Russia,Soccer
FK Yadro St. Petersburg,3,3,Russia,Soccer
FShM Torpedo,3,3,Russia,Soccer
Gazovik Orenburg,5,5,Russia,Soccer
Irkutsk,8,8,Russia,Soccer
Irtysh Omsk,6,6,Russia,Soccer
KAMAZ Naberezhnye Chelny,3,3,Russia,Soccer
Khimik Avgust,3,3,Russia,Soccer
Khimki FK,3,3,Russia,Soccer
Khimki II,3,3,Russia,Soccer
Kompozit,3,3,Russia,Soccer
Kosmos Dolgoprudny,3,3,Russia,Soccer
Krylya Sovetov Samara,4,4,Russia,Soccer
Lok. Moscow,3,3,Russia,Soccer
Metallurg Lipetsk,3,3,Russia,Soccer
Nefis Kazan,3,3,Russia,Soccer
Nizhny Novgorod,3,3,Russia,Soccer
Okean,10,10,Russia,Soccer
Olimp-Dolgoprudny,3,3,Russia,Soccer
Orenburg II,5,5,Russia,Soccer
Peresvet Podolsk,3,3,Russia,Soccer
Peresvet Trekhgorka,3,3,Russia,Soccer
PFC Dynamo Stavropol,3,3,Russia,Soccer
PFC Kuban Krasnodar,3,3,Russia,Soccer
PFC Sochi,3,3,Russia,Soccer
PFC Spartak Nalchik,3,3,Russia,Soccer
Pobeda,3,3,Russia,Soccer
Rotor Volgograd,3,3,Russia,Soccer
Rubin Yalta,3,3,Russia,Soccer
Russia,3,3,Russia,Soccer
Sakhalinets,3,3,Russia,Soccer
Saturn Ramenskoye,3,3,Russia,Soccer
SC Astrakhan,4,4,Russia,Soccer
Sevastopol,3,3,Russia,Soccer
Shinnik Yaroslavl,3,3,Russia,Soccer
SKA Khabarovsk II,10,10,Russia,Soccer
SKA-Khabarovsk,10,10,Russia,Soccer
Spartak Kostroma,3,3,Russia,Soccer
Spartak Tambov,3,3,Russia,Soccer
Spartak-2 Moscow,3,3,Russia,Soccer
SSh 7 Petrozavodsk,3,3,Russia,Soccer
StavAgrosoyuz,3,3,Russia,Soccer
Tekstilshchik Ivanovo,3,3,Russia,Soccer
Temp Barnaul,7,7,Russia,Soccer
Terek Grozny,3,3,Russia,Soccer
Tomsk,7,7,Russia,Soccer
Torpedo Moscow,3,3,Russia,Soccer
Torpedo-2 Moscow,3,3,Russia,Soccer
Ural II,5,5,Russia,Soccer
Ural S.R,5,5,Russia,Soccer
Uralets Nizhnyi Tagil,5,5,Russia,Soccer
Veles Moscow,3,3,Russia,Soccer
Volgar Astrakhan,4,4,Russia,Soccer
Yenisey II,7,7,Russia,Soccer
Zenit 2,3,3,Russia,Soccer
Zenit St Petersburg,3,3,Russia,Soccer
Zhasmin Mikhaylovsk,5,5,Russia,Soccer
Zorky,3,3,Russia,Soccer
AD San Juan,1,2,Spain,Soccer
AE Prat,1,2,Spain,Soccer
Alaves,1,2,Spain,Soccer
Albacete,1,2,Spain,Soccer
Alcorcon,1,2,Spain,Soccer
Alcoyano,1,2,Spain,Soccer
Algeciras CF,1,2,Spain,Soccer
Almeria,1,2,Spain,Soccer
Arenas Club,1,2,Spain,Soccer
Ath Bilbao,1,2,Spain,Soccer
Ath Madrid,1,2,Spain,Soccer
Athletic Bilbao B,1,2,Spain,Soccer
Atlético Baleares,1,2,Spain,Soccer
Atlético Levante,1,2,Spain,Soccer
Atlético Madrid B,1,2,Spain,Soccer
Atlético Sanluqueño,1,2,Spain,Soccer
Atzeneta,1,2,Spain,Soccer
Badajoz,1,2,Spain,Soccer
Barcelona,1,2,Spain,Soccer
Barcelona B,1,2,Spain,Soccer
Betis,1,2,Spain,Soccer
Betis Deportivo,1,2,Spain,Soccer
Burgos,1,2,Spain,Soccer
CA Pulpileño,1,2,Spain,Soccer
Cacereño,1,2,Spain,Soccer
Cadiz,1,2,Spain,Soccer
Cadiz B,1,2,Spain,Soccer
Calahorra,1,2,Spain,Soccer
Cartagena FC,1,2,Spain,Soccer
Castellón,1,2,Spain,Soccer
CD Coria,1,2,Spain,Soccer
CD Ibiza Islas Pitiusas,1,2,Spain,Soccer
CD Izarra,1,2,Spain,Soccer
CD Marchamalo,1,2,Spain,Soccer
CD Marino,0,1,Spain,Soccer
CD Teruel,1,2,Spain,Soccer
Celta Vigo,1,2,Spain,Soccer
Celta Vigo B,1,2,Spain,Soccer
CF Badalona,1,2,Spain,Soccer
Compostela,1,2,Spain,Soccer
Cordoba,1,2,Spain,Soccer
Cornellà,1,2,Spain,Soccer
Coruxo,1,2,Spain,Soccer
Covadonga,1,2,Spain,Soccer
Don Benito,1,2,Spain,Soccer
Ebro,1,2,Spain,Soccer
Eibar,1,2,Spain,Soccer
El Ejido,1,2,Spain,Soccer
Elche,1,2,Spain,Soccer
Espanol,1,2,Spain,Soccer
Espanyol B,1,2,Spain,Soccer
Extremadura,1,2,Spain,Soccer
FC Andorra,1,2,Spain,Soccer
Fuenlabrada,1,2,Spain,Soccer
Getafe,1,2,Spain,Soccer
Getafe B,1,2,Spain,Soccer
Gimnastic,1,2,Spain,Soccer
Gimnástica Segoviana CF,1,2,Spain,Soccer
Girona,1,2,Spain,Soccer
Granada,1,2,Spain,Soccer
Guijuelo,1,2,Spain,Soccer
Hercules,1,2,Spain,Soccer
Huesca,1,2,Spain,Soccer
Inter de Madrid,1,2,Spain,Soccer
L-'Hospitalet,1,2,Spain,Soccer
La Coruna,1,2,Spain,Soccer
La Nucía,1,2,Spain,Soccer
Langreo,1,2,Spain,Soccer
Laredo,1,2,Spain,Soccer
Las Palmas,0,1,Spain,Soccer
Las Palmas Atlético,0,1,Spain,Soccer
Las Rozas CF,1,2,Spain,Soccer
Lealtad,1,2,Spain,Soccer
Leganes,1,2,Spain,Soccer
Leonesa,1,2,Spain,Soccer
Levante,1,2,Spain,Soccer
Linares Deportivo,1,2,Spain,Soccer
Linense,1,2,Spain,Soccer
Llagostera,1,2,Spain,Soccer
Lleida Esportiu,1,2,Spain,Soccer
Lorca Deportiva,1,2,Spain,Soccer
Lugo,1,2,Spain,Soccer
Malaga,1,2,Spain,Soccer
Mallorca,1,2,Spain,Soccer
Marbella,1,2,Spain,Soccer
Marino,1,2,Spain,Soccer
Melilla,1,2,Spain,Soccer
Mérida AD,1,2,Spain,Soccer
Mirandes,1,2,Spain,Soccer
Murcia,1,2,Spain,Soccer
Mutilvera,1,2,Spain,Soccer
Navalcarnero,1,2,Spain,Soccer
Numancia,1,2,Spain,Soccer
Olot,1,2,Spain,Soccer
Orihuela,1,2,Spain,Soccer
Osasuna,1,2,Spain,Soccer
Osasuna B,1,2,Spain,Soccer
Peña Deportiva,1,2,Spain,Soccer
Poblense,1,2,Spain,Soccer
Ponferradina,1,2,Spain,Soccer
Pontevedra,1,2,Spain,Soccer
Racing Club de Ferrol,1,2,Spain,Soccer
Racing Rioja CF,1,2,Spain,Soccer
Rayo Majadahonda,1,2,Spain,Soccer
Real Madrid,1,2,Spain,Soccer
Real Madrid B,1,2,Spain,Soccer
Real Oviedo,1,2,Spain,Soccer
Real Oviedo B,1,2,Spain,Soccer
Real Sociedad B,1,2,Spain,Soccer
Real Unión,1,2,Spain,Soccer
Recreativo,1,2,Spain,Soccer
Recreativo Granada,1,2,Spain,Soccer
Sabadell,1,2,Spain,Soccer
Salamanca UDS,1,2,Spain,Soccer
San Fernando CD,1,2,Spain,Soccer
Santander,1,2,Spain,Soccer
SD Amorebieta,1,2,Spain,Soccer
SD Ejea,1,2,Spain,Soccer
SD Logroñés,1,2,Spain,Soccer
Sestao,1,2,Spain,Soccer
Sevilla,1,2,Spain,Soccer
Sevilla Atletico,1,2,Spain,Soccer
Sociedad,1,2,Spain,Soccer
Socuéllamos,1,2,Spain,Soccer
Sp Gijon,1,2,Spain,Soccer
Sp Gijon B,1,2,Spain,Soccer
Spain,1,2,Spain,Soccer
SS Reyes,1,2,Spain,Soccer
Talavera,1,2,Spain,Soccer
Tamaraceite,0,1,Spain,Soccer
Tarazona,1,2,Spain,Soccer
Tenerife,0,1,Spain,Soccer
Terrassa FC,1,2,Spain,Soccer
Tudelano,1,2,Spain,Soccer
UCAM Murcia,1,2,Spain,Soccer
UD Ibiza,1,2,Spain,Soccer
UD Llanera,1,2,Spain,Soccer
UD Logroñés,1,2,Spain,Soccer
Unionistas de Salamanca,1,2,Spain,Soccer
Valencia,1,2,Spain,Soccer
Valencia Mestalla,1,2,Spain,Soccer
Valladolid,1,2,Spain,Soccer
Valladolid Promesas,1,2,Spain,Soccer
Vallecano,1,2,Spain,Soccer
Villanovense,1,2,Spain,Soccer
Villarreal,1,2,Spain,Soccer
Villarreal B,1,2,Spain,Soccer
Villarrobledo,1,2,Spain,Soccer
Villarrubia,1,2,Spain,Soccer
Yeclano,1,2,Spain,Soccer
Zamora,1,2,Spain,Soccer
Zaragoza,1,2,Spain,Soccer
AC Connecticut,-5,-4,United States,Soccer
AC Houston Sur,-6,-5,United States,Soccer
AC Syracuse Pulse,-5,-4,United States,Soccer
AFC Ann Arbor,-5,-4,United States,Soccer
AHFC Royals,-6,-5,United States,Soccer
Angel City,-8,-7,United States,Soccer
Appalachian,-5,-4,United States,Soccer
ASC San Diego,-8,-7,United States,Soccer
Asheville City SC,-5,-4,United States,Soccer
Atlanta United,-5,-4,United States,Soccer
Atlanta United II,-5,-4,United States,Soccer
Austin Bold,-6,-5,United States,Soccer
Austin FC,-6,-5,United States,Soccer
Austin FC II,-6,-5,United States,Soccer
Ballard FC,-8,-7,United States,Soccer
Bavarian United,-6,-5,United States,Soccer
Bay Cities FC,-8,-7,United States,Soccer
Beaman United,-6,-5,United States,Soccer
Bethlehem Steel,-5,-4,United States,Soccer
Birmingham Legion,-6,-5,United States,Soccer
Black Rock FC,-5,-4,United States,Soccer
Blackwatch Rush,-5,-4,United States,Soccer
Blue Goose SC,-6,-5,United States,Soccer
Boston Bolts,-5,-4,United States,Soccer
Boston City FC,-5,-4,United States,Soccer
Brazos Valley Cavalry FC,-6,-5,United States,Soccer
Caledonia SC,-5,-4,United States,Soccer
California United Strikers FC,-8,-7,United States,Soccer
Capo FC,-8,-7,United States,Soccer
Cedar Stars Rush,-5,-4,United States,Soccer
Central Valley Fuego FC,-8,-7,United States,Soccer
Charleston Battery,-5,-4,United States,Soccer
Charlotte Eagles,-5,-4,United States,Soccer
Charlotte FC,-5,-4,United States,Soccer
Charlotte Independence,-5,-4,United States,Soccer
Chattanooga FC,-5,-4,United States,Soccer
Chattanooga Red Wolves SC,-5,-4,United States,Soccer
Chicago City SC,-6,-5,United States,Soccer
Chicago Dutch Lions FC,-6,-5,United States,Soccer
Chicago FC United,-6,-5,United States,Soccer
Chicago Fire,-6,-5,United States,Soccer
Chicago House AC,-6,-5,United States,Soccer
Chicago Red Stars,-6,-5,United States,Soccer
Christos FC,-5,-4,United States,Soccer
Cleveland Force SC,-5,-4,United States,Soccer
Cleveland SC,-5,-4,United States,Soccer
Club de Lyon,-5,-4,United States,Soccer
Colorado ISA,-7,-6,United States,Soccer
Colorado Rapids,-7,-6,United States,Soccer
Colorado Rush SC,-7,-6,United States,Soccer
Colorado Springs,-7,-6,United States,Soccer
Columbus Crew,-5,-4,United States,Soccer
Columbus Crew 2,-5,-4,United States,Soccer
Commonwealth Cardinals FC,-5,-4,United States,Soccer
Corpus Christi FC,-6,-5,United States,Soccer
Crossfire Redmond,-8,-7,United States,Soccer
Crown Legacy,-5,-4,United States,Soccer
Dalton Red Wolves SC,-5,-4,United States,Soccer
Davis Legacy SC,-8,-7,United States,Soccer
Dayton Dutch Lions,-6,-5,United States,Soccer
DC United,-5,-4,United States,Soccer
Des Moines Menace,-6,-5,United States,Soccer
Detroit City FC,-5,-4,United States,Soccer
East Atlanta FC,-5,-4,United States,Soccer
El Farolito,-8,-7,United States,Soccer
El Paso Locomotive,-7,-6,United States,Soccer
FA Euro New York,-5,-4,United States,Soccer
FC Cincinnati,-5,-4,United States,Soccer
FC Cincinnati 2,-5,-4,United States,Soccer
FC Dallas,-6,-5,United States,Soccer
FC Florida U23,-5,-4,United States,Soccer
FC Golden State Force,-8,-7,United States,Soccer
FC Málaga City New York,-5,-4,United States,Soccer
FC Miami City,-5,-4,United States,Soccer
FC Motown,-5,-4,United States,Soccer
FC Motown II,-5,-4,United States,Soccer
FC Tucson,-7,-7,United States,Soccer
FC Wichita,-6,-5,United States,Soccer
Flint City Bucks,-6,-5,United States,Soccer
Florida Elite Soccer Academy,-5,-4,United States,Soccer
Flower City Union,-5,-4,United States,Soccer
Fort Lauderdale CF,-5,-4,United States,Soccer
Fort Wayne FC,-6,-5,United States,Soccer
Forward Madison FC,-6,-5,United States,Soccer
Gotham FC,-5,-4,United States,Soccer
Grand Rapids FC,-6,-5,United States,Soccer
Green Bay Voyageurs FC,-6,-5,United States,Soccer
Greenville Triumph SC,-5,-4,United States,Soccer
Hartford Athletic,-5,-4,United States,Soccer
Hartford City,-5,-4,United States,Soccer
Houston Dash,-6,-5,United States,Soccer
Houston Dynamo,-6,-5,United States,Soccer
Houston Dynamo 2,-6,-5,United States,Soccer
Houston FC,-6,-5,United States,Soccer
Hudson Valley Hammers,-5,-4,United States,Soccer
Huntsville City,-6,-5,United States,Soccer
Indy Eleven,-5,-4,United States,Soccer
Inter Miami,-5,-4,United States,Soccer
Inter San Francisco,-8,-7,United States,Soccer
Jacksonville Armada U-23,-5,-4,United States,Soccer
Kalamazoo FC,-6,-5,United States,Soccer
Kansas City NWSL,-6,-5,United States,Soccer
Kaw Valley FC,-6,-5,United States,Soccer
Kings Hammer FC,-6,-5,United States,Soccer
L.A. Galaxy,-8,-7,United States,Soccer
LA Force,-8,-7,United States,Soccer
LA Galaxy II,-8,-7,United States,Soccer
LA Parish AC,-6,-5,United States,Soccer
Lane United FC,-8,-7,United States,Soccer
Lansdowne Bhoys,-5,-4,United States,Soccer
Lansing City Football,-5,-4,United States,Soccer
Las Vegas Lights,-8,-7,United States,Soccer
Lehigh Valley United,-5,-4,United States,Soccer
Lexington SC,-5,-4,United States,Soccer
Lionsbridge FC,-5,-4,United States,Soccer
Little Rock Rangers,-6,-5,United States,Soccer
Long Island Rough Riders,-5,-4,United States,Soccer
Los Angeles FC,-8,-7,United States,Soccer
Los Angeles FC II,-8,-7,United States,Soccer
Loudoun United,-5,-4,United States,Soccer
Louisiana Krewe FC,-6,-5,United States,Soccer
Louisville City,-5,-4,United States,Soccer
Manhattan SC,-5,-4,United States,Soccer
Marin FC Legends,-8,-7,United States,Soccer
Maryland Bobcats FC,-5,-4,United States,Soccer
Memphis 901,-6,-5,United States,Soccer
Miami AC,-5,-4,United States,Soccer
Miami FC,-5,-4,United States,Soccer
Miami United,-5,-4,United States,Soccer
Michigan Stars FC,-5,-4,United States,Soccer
Midwest United FC,-5,-4,United States,Soccer
Minneapolis City,-6,-5,United States,Soccer
Minnesota United,-6,-5,United States,Soccer
Mississippi Brilla FC,-6,-5,United States,Soccer
Monterey Bay FC,-8,-7,United States,Soccer
Morris Elite SC,-5,-4,United States,Soccer
Nashville SC,-6,-5,United States,Soccer
New England Rev.,-5,-4,United States,Soccer
New Jersey Copa FC,-5,-4,United States,Soccer
New Mexico United,-7,-6,United States,Soccer
New York City,-5,-4,United States,Soccer
New York City FC II,-5,-4,United States,Soccer
New York RB II,-5,-4,United States,Soccer
New York Red Bulls,-5,-4,United States,Soccer
Nona FC,-5,-4,United States,Soccer
North Carolina Courage,-5,-4,United States,Soccer
North Texas SC,-6,-5,United States,Soccer
Northern Colorado Hailstorm FC,-7,-6,United States,Soccer
Northern Virginia FC,-5,-4,United States,Soccer
Oakland County FC,-6,-5,United States,Soccer
Oakland Roots,-8,-7,United States,Soccer
Ocean City Noreasters,-5,-4,United States,Soccer
Ogden City SC,-7,-6,United States,Soccer
OKC Energy,-6,-5,United States,Soccer
OL Reign,-8,-7,United States,Soccer
Oly Town FC,-8,-7,United States,Soccer
One Knoxville SC,-5,-4,United States,Soccer
Orange County SC,-8,-7,United States,Soccer
Orlando City,-5,-4,United States,Soccer
Orlando City B,-5,-4,United States,Soccer
Orlando Pride,-5,-4,United States,Soccer
OVF Alliance,-8,-7,United States,Soccer
Park City Red Wolves SC,-7,-6,United States,Soccer
Patuxent Football Athletics,-5,-4,United States,Soccer
PDX FC,-8,-7,United States,Soccer
Peachtree City MOBA,-5,-4,United States,Soccer
Peoria City,-6,-5,United States,Soccer
Philadelphia Lone Star FC,-5,-4,United States,Soccer
Philadelphia Union,-5,-4,United States,Soccer
Phoenix Rising,-7,-7,United States,Soccer
Pittsburgh Riverhounds,-5,-4,United States,Soccer
Portland Thorns,-8,-7,United States,Soccer
Portland Timbers,-8,-7,United States,Soccer
Project 51O,-8,-7,United States,Soccer
Racing Louisville FC,-5,-4,United States,Soccer
Reading United AC,-5,-4,United States,Soccer
Real Central New Jersey,-5,-4,United States,Soccer
Real Monarchs,-7,-6,United States,Soccer
Real Salt Lake,-7,-6,United States,Soccer
Reign FC,-8,-7,United States,Soccer
Richmond Kickers,-5,-4,United States,Soccer
Rio Grande Valley,-6,-5,United States,Soccer
Rochester New York FC,-5,-4,United States,Soccer
Round Rock SC,-6,-5,United States,Soccer
Sacramento Republic,-8,-7,United States,Soccer
Saint Louis,-6,-5,United States,Soccer
San Antonio,-6,-5,United States,Soccer
San Diego Loyal,-8,-7,United States,Soccer
San Diego Wave,-8,-7,United States,Soccer
San Francisco City FC,-8,-7,United States,Soccer
San Francisco Glens,-8,-7,United States,Soccer
San Jose Earthquakes,-8,-7,United States,Soccer
SC United Bantams,-5,-4,United States,Soccer
Seacoast United Phantoms,-5,-4,United States,Soccer
Seattle Sounders FC,-8,-7,United States,Soccer
Sky Blue FC,-5,-4,United States,Soccer
South Bend Lions FC,-6,-5,United States,Soccer
Southern California Seahorses,-8,-7,United States,Soccer
Southern Soccer Academy,-5,-4,United States,Soccer
Sporting Kansas City,-6,-5,United States,Soccer
Springfield ASC,-6,-5,United States,Soccer
St. Croix SC,-6,-5,United States,Soccer
St. Louis City SC 2,-6,-5,United States,Soccer
St. Louis Scott Gallagher SC,-6,-5,United States,Soccer
Swope Park Rangers,-6,-5,United States,Soccer
Tacoma Defiance,-8,-7,United States,Soccer
Tampa Bay Rowdies,-5,-4,United States,Soccer
Tampa Bay United SC,-5,-4,United States,Soccer
Tennessee SC,-6,-5,United States,Soccer
Texas United,-6,-5,United States,Soccer
The Villages SC,-5,-4,United States,Soccer
Thunder Bay Chill,-5,-4,United States,Soccer
Tobacco Road FC,-5,-4,United States,Soccer
Toledo Villa FC,-6,-5,United States,Soccer
Tormenta FC,-5,-4,United States,Soccer
Tormenta FC 2,-5,-4,United States,Soccer
Tri-Cities Otters,-5,-4,United States,Soccer
Tulsa Athletics,-6,-5,United States,Soccer
Tulsa Roughnecks,-6,-5,United States,Soccer
UDA Soccer NMSU,-7,-6,United States,Soccer
Union Omaha,-6,-5,United States,Soccer
United States,-5,-4,United States,Soccer
Valley United FC,-7,-7,United States,Soccer
Ventura County Fusion,-8,-7,United States,Soccer
Vermont Green FC,-5,-4,United States,Soccer
Virginia Beach United FC,-5,-4,United States,Soccer
Wake FC,-5,-4,United States,Soccer
Washington Spirit,-5,-4,United States,Soccer
West Chester United II,-5,-4,United States,Soccer
West Virginia United,-5,-4,United States,Soccer
Westchester Flames,-5,-4,United States,Soccer
Western Mass Pioneers,-5,-4,United States,Soccer
Weston FC,-5,-4,United States,Soccer